Function,Package,Lesson_Introduced,Lesson_Topic,R_Documentation,Additional_Help,Appears_In_Lessons,Num_Lessons
library,base,3,Download + Intro to R & RStudio,https://rdrr.io/r/base/library.html,,"3, 7, 9, 11, 15",5
pacman::p_load,pacman,4,Basics,https://rdrr.io/cran/pacman/man/p_load.html,,"4, 5, 6, 8, 9, 10, 11, 12, 13, 14, 15, 16, 17, 18, 19, 20, 21, 22, 23, 24, 25, 26, 27, 28, 29, 30, 31, 32, 33, 34, 35",31
sin,base,4,Basics,https://rdrr.io/r/base/Trig.html,,"4, 8",2
sqrt,base,4,Basics,https://rdrr.io/r/base/MathFun.html,,"4, 18",2
theme_grey,ggplot2,6,Quarto & .qmd's,https://ggplot2.tidyverse.org/reference/ggtheme.html,,"6, 24, 30, 31, 32, 33",6
theme_set,ggplot2,6,Quarto & .qmd's,https://ggplot2.tidyverse.org/reference/theme_get.html,,"6, 24, 30, 31, 32, 33",6
all.equal,base,9,Common errors,https://rdrr.io/r/base/all.equal.html,,9,1
c,base,9,Common errors,https://rdrr.io/r/base/c.html,,"9, 13, 15, 18, 23, 25",6
clean_names,janitor,9,Common errors,https://sfirke.github.io/janitor/reference/clean_names.html,,"9, 14, 15, 16, 17, 18, 19, 20, 21, 22, 23, 26, 27, 28, 29, 30, 31, 32, 33, 34, 35",21
data.frame,base,9,Common errors,https://rdrr.io/r/base/data.frame.html,,9,1
here,here,9,Common errors,https://here.r-lib.org/reference/here.html,https://here.r-lib.org/articles/here.html,"9, 10, 12, 13, 14, 15, 16, 17, 18, 19, 20, 21, 22, 23, 24, 25, 26, 27, 28, 29, 30, 31, 32, 33, 34, 35",26
install.packages,utils,9,Common errors,https://rdrr.io/r/utils/install.packages.html,,"9, 11",2
log,base,9,Common errors,https://rdrr.io/r/base/Log.html,,"9, 18",2
mean,base,9,Common errors,https://rdrr.io/r/base/mean.html,,"9, 13, 15, 18, 25, 29, 33",7
names,base,9,Common errors,https://rdrr.io/r/base/names.html,,"9, 17, 22, 23",4
getwd,base,12,R projects & working directories,https://rdrr.io/r/base/getwd.html,,12,1
read_rds,readr,12,R projects & working directories,https://readr.tidyverse.org/reference/read_rds.html,,"12, 14, 16, 17",4
setwd,base,12,R projects & working directories,https://rdrr.io/r/base/getwd.html,,12,1
sd,stats,13,Functions,https://rdrr.io/r/stats/sd.html,,"13, 18, 29",3
seq,base,13,Functions,https://rdrr.io/r/base/seq.html,,"13, 18",2
class,base,14,Objects,https://rdrr.io/r/base/class.html,,"14, 23",2
head,utils,14,Objects,https://rdrr.io/r/utils/head.html,,"14, 17, 20, 21, 25",5
tibble,tibble,14,Objects,https://tibble.tidyverse.org/reference/tibble.html,,"14, 17, 19, 22, 23, 25, 34, 35",8
example,utils,15,Getting help,https://rdrr.io/r/utils/example.html,,15,1
help,utils,15,Getting help,https://rdrr.io/r/utils/help.html,,15,1
max,base,15,Getting help,https://rdrr.io/r/base/Extremes.html,,"15, 18, 29",3
paste,base,15,Getting help,https://rdrr.io/r/base/paste.html,,15,1
paste0,base,15,Getting help,https://rdrr.io/r/base/paste.html,,15,1
round,base,15,Getting help,https://rdrr.io/r/base/Round.html,,"15, 18, 22, 33",4
dim,base,16,Piping,https://rdrr.io/r/base/dim.html,,16,1
lm,stats,16,Piping,https://rdrr.io/r/stats/lm.html,,16,1
relocate,dplyr,16,Piping,https://dplyr.tidyverse.org/reference/relocate.html,,"16, 21, 22, 23, 26, 27, 28, 29, 30, 31, 32, 33, 34, 35",14
select,dplyr,16,Piping,https://dplyr.tidyverse.org/reference/select.html,,"16, 20, 21, 22, 23, 24, 25, 26, 27, 28, 29, 33, 34",13
export,rio,17,Import & export,https://rdrr.io/cran/rio/man/export.html,,17,1
glimpse,dplyr / pillar,17,Import & export,https://pillar.r-lib.org/reference/glimpse.html,,"17, 30",2
import,rio,17,Import & export,https://rdrr.io/cran/rio/man/import.html,,"17, 19, 20, 21, 22, 23, 24, 25, 26, 27, 28, 29, 30, 31, 32, 33, 34, 35",18
print,base,17,Import & export,https://rdrr.io/r/base/print.html,,"17, 19",2
read.csv,utils,17,Import & export,https://rdrr.io/r/utils/read.table.html,,17,1
read_csv,readr,17,Import & export,https://readr.tidyverse.org/reference/read_delim.html,,17,1
read_dta,haven,17,Import & export,https://haven.tidyverse.org/reference/read_dta.html,,17,1
read_excel,readxl,17,Import & export,https://readxl.tidyverse.org/reference/read_excel.html,,17,1
read_sas,haven,17,Import & export,https://haven.tidyverse.org/reference/read_sas.html,,17,1
read_sav,haven,17,Import & export,https://haven.tidyverse.org/reference/read_spss.html,,17,1
write.csv,utils,17,Import & export,https://rdrr.io/r/utils/write.table.html,,17,1
write.xlsx,openxlsx,17,Import & export,https://rdrr.io/cran/openxlsx/man/write.xlsx.html,,17,1
write_csv,readr,17,Import & export,https://readr.tidyverse.org/reference/write_delim.html,,17,1
write_dta,haven,17,Import & export,https://haven.tidyverse.org/reference/read_dta.html,,17,1
write_rds,readr,17,Import & export,https://readr.tidyverse.org/reference/read_rds.html,,17,1
write_sas,haven,17,Import & export,https://haven.tidyverse.org/reference/read_sas.html,,17,1
write_sav,haven,17,Import & export,https://haven.tidyverse.org/reference/read_spss.html,,17,1
write_xlsx,writexl,17,Import & export,https://docs.ropensci.org/writexl/reference/write_xlsx.html,,17,1
abs,base,18,Key operators & functions,https://rdrr.io/r/base/MathFun.html,,18,1
ceiling,base,18,Key operators & functions,https://rdrr.io/r/base/Round.html,,18,1
floor,base,18,Key operators & functions,https://rdrr.io/r/base/Round.html,,18,1
janitor::round_half_up,janitor,18,Key operators & functions,https://sfirke.github.io/janitor/reference/round_half_up.html,,18,1
log10,base,18,Key operators & functions,https://rdrr.io/r/base/Log.html,,18,1
log2,base,18,Key operators & functions,https://rdrr.io/r/base/Log.html,,18,1
median,stats,18,Key operators & functions,https://rdrr.io/r/stats/median.html,,"18, 29",2
min,base,18,Key operators & functions,https://rdrr.io/r/base/Extremes.html,,"18, 29",2
quantile,stats,18,Key operators & functions,https://rdrr.io/r/stats/quantile.html,,18,1
range,base,18,Key operators & functions,https://rdrr.io/r/base/range.html,,18,1
rep,base,18,Key operators & functions,https://rdrr.io/r/base/rep.html,,18,1
sample,base,18,Key operators & functions,https://rdrr.io/r/base/sample.html,,18,1
set.seed,base,18,Key operators & functions,https://rdrr.io/r/base/Random.html,,18,1
sum,base,18,Key operators & functions,https://rdrr.io/r/base/sum.html,,18,1
summary,base,18,Key operators & functions,https://rdrr.io/r/base/summary.html,,"18, 26, 27",3
filter,dplyr,20,Intro to data transformation & summarization,https://dplyr.tidyverse.org/reference/filter.html,,"20, 21, 22, 23, 25",5
group_by,dplyr,20,Intro to data transformation & summarization,https://dplyr.tidyverse.org/reference/group_by.html,,"20, 23, 26, 29",4
inner_join,dplyr,20,Intro to data transformation & summarization,https://dplyr.tidyverse.org/reference/mutate-joins.html,,20,1
left_join,dplyr,20,Intro to data transformation & summarization,https://dplyr.tidyverse.org/reference/mutate-joins.html,,20,1
mutate,dplyr,20,Intro to data transformation & summarization,https://dplyr.tidyverse.org/reference/mutate.html,,"20, 22, 23, 24, 25, 26, 31, 32",8
slice,dplyr,20,Intro to data transformation & summarization,https://dplyr.tidyverse.org/reference/slice.html,,20,1
summarize,dplyr,20,Intro to data transformation & summarization,https://dplyr.tidyverse.org/reference/summarise.html,,"20, 26, 29",3
arrange,dplyr,21,Data transformation: rows,https://dplyr.tidyverse.org/reference/arrange.html,,"21, 23, 25",3
count,dplyr,21,Data transformation: rows,https://dplyr.tidyverse.org/reference/count.html,,"21, 23",2
desc,dplyr,21,Data transformation: rows,https://dplyr.tidyverse.org/reference/desc.html,,21,1
distinct,dplyr,21,Data transformation: rows,https://dplyr.tidyverse.org/reference/distinct.html,,"21, 23",2
drop_na,tidyr,21,Data transformation: rows,https://tidyr.tidyverse.org/reference/drop_na.html,,"21, 25, 31, 32",4
filter_out,dplyr,21,Data transformation: rows,https://dplyr.tidyverse.org/reference/filter.html,,"21, 25",2
rename,dplyr,22,Data transformation: columns,https://dplyr.tidyverse.org/reference/rename.html,,22,1
as.character,base,23,Data transformation: advanced,https://rdrr.io/r/base/character.html,,"23, 26",2
case_when,dplyr,23,Data transformation: advanced,https://dplyr.tidyverse.org/reference/case_when.html,,23,1
contains,tidyselect,23,Data transformation: advanced,https://tidyselect.r-lib.org/reference/starts_with.html,,"23, 25, 34",3
ends_with,tidyselect,23,Data transformation: advanced,https://tidyselect.r-lib.org/reference/starts_with.html,,"23, 34",2
factor,base,23,Data transformation: advanced,https://rdrr.io/r/base/factor.html,,23,1
fct,forcats,23,Data transformation: advanced,https://forcats.tidyverse.org/reference/fct.html,,23,1
fct_relevel,forcats,23,Data transformation: advanced,https://forcats.tidyverse.org/reference/fct_relevel.html,,"23, 24, 25, 31, 32",5
get_summary_stats,rstatix,23,Data transformation: advanced,https://rpkgs.datanovia.com/rstatix/reference/get_summary_stats.html,,"23, 27, 29",3
gt,gt,23,Data transformation: advanced,https://gt.rstudio.com/reference/gt.html,,"23, 24, 25, 26, 28",5
levels,base,23,Data transformation: advanced,https://rdrr.io/r/base/levels.html,,23,1
starts_with,tidyselect,23,Data transformation: advanced,https://tidyselect.r-lib.org/reference/starts_with.html,,"23, 34",2
tabyl,janitor,23,Data transformation: advanced,https://sfirke.github.io/janitor/reference/tabyl.html,,"23, 25, 26, 28",4
where,tidyselect,23,Data transformation: advanced,https://tidyselect.r-lib.org/reference/where.html,,23,1
element_text,ggplot2,24,Missing data: summarization & viz,https://ggplot2.tidyverse.org/reference/element.html,,"24, 30, 32",3
gg_miss_fct,naniar,24,Missing data: summarization & viz,https://naniar.njtierney.com/reference/gg_miss_fct.html,,24,1
gg_miss_upset,naniar,24,Missing data: summarization & viz,https://naniar.njtierney.com/reference/gg_miss_upset.html,,24,1
miss_var_summary,naniar,24,Missing data: summarization & viz,https://naniar.njtierney.com/reference/miss_var_summary.html,,"24, 25",2
n_complete,naniar,24,Missing data: summarization & viz,https://naniar.njtierney.com/reference/n_complete.html,,24,1
n_miss,naniar,24,Missing data: summarization & viz,https://naniar.njtierney.com/reference/n_miss.html,,24,1
prop_miss,naniar,24,Missing data: summarization & viz,https://naniar.njtierney.com/reference/prop_miss.html,,24,1
px,gt,24,Missing data: summarization & viz,https://gt.rstudio.com/reference/px.html,,"24, 25, 28",3
tab_options,gt,24,Missing data: summarization & viz,https://gt.rstudio.com/reference/tab_options.html,,"24, 25, 28, 33",4
theme,ggplot2,24,Missing data: summarization & viz,https://ggplot2.tidyverse.org/reference/theme.html,,"24, 30, 31, 32",4
theme_bw,ggplot2,24,Missing data: summarization & viz,https://ggplot2.tidyverse.org/reference/ggtheme.html,,"24, 32",2
vis_miss,visdat,24,Missing data: summarization & viz,https://docs.ropensci.org/visdat/reference/vis_miss.html,,24,1
fct_na_value_to_level,forcats,25,Missing data: transformations,https://forcats.tidyverse.org/reference/fct_na_value_to_level.html,,25,1
is.na,base,25,Missing data: transformations,https://rdrr.io/r/base/NA.html,,25,1
list,base,25,Missing data: transformations,https://rdrr.io/r/base/list.html,,"25, 33",2
replace_na,tidyr,25,Missing data: transformations,https://tidyr.tidyverse.org/reference/replace_na.html,,25,1
replace_with_na,naniar,25,Missing data: transformations,https://naniar.njtierney.com/reference/replace_with_na.html,,25,1
tail,utils,25,Missing data: transformations,https://rdrr.io/r/utils/head.html,,25,1
skim,skimr,26,Data summarization: intro,https://docs.ropensci.org/skimr/reference/skim.html,,"26, 27, 29",3
tbl_summary,gtsummary,26,Data summarization: intro,https://www.danieldsjoberg.com/gtsummary/reference/tbl_summary.html,,"26, 28, 29, 33",4
adorn_ns,janitor,28,Data summarization: tables,https://sfirke.github.io/janitor/reference/adorn_ns.html,,28,1
adorn_pct_formatting,janitor,28,Data summarization: tables,https://sfirke.github.io/janitor/reference/adorn_pct_formatting.html,,28,1
adorn_percentages,janitor,28,Data summarization: tables,https://sfirke.github.io/janitor/reference/adorn_percentages.html,,28,1
adorn_totals,janitor,28,Data summarization: tables,https://sfirke.github.io/janitor/reference/adorn_totals.html,,28,1
as_gt,gtsummary,28,Data summarization: tables,https://www.danieldsjoberg.com/gtsummary/reference/as_gt.html,,"28, 33",2
fmt_percent,gt,28,Data summarization: tables,https://gt.rstudio.com/reference/fmt_percent.html,,28,1
tab_header,gt,28,Data summarization: tables,https://gt.rstudio.com/reference/tab_header.html,,28,1
summarise,dplyr,29,Data summarization: grouped summaries,https://dplyr.tidyverse.org/reference/summarise.html,,29,1
aes,ggplot2,30,Data viz: intro to ggplot,https://ggplot2.tidyverse.org/reference/aes.html,,"30, 31, 32",3
geom_histogram,ggplot2,30,Data viz: intro to ggplot,https://ggplot2.tidyverse.org/reference/geom_histogram.html,,"30, 31, 32",3
geom_point,ggplot2,30,Data viz: intro to ggplot,https://ggplot2.tidyverse.org/reference/geom_point.html,,"30, 31",2
geom_smooth,ggplot2,30,Data viz: intro to ggplot,https://ggplot2.tidyverse.org/reference/geom_smooth.html,,"30, 31",2
ggplot,ggplot2,30,Data viz: intro to ggplot,https://ggplot2.tidyverse.org/reference/ggplot.html,https://r4ds.hadley.nz/data-visualize,"30, 31, 32",3
labs,ggplot2,30,Data viz: intro to ggplot,https://ggplot2.tidyverse.org/reference/labs.html,,"30, 31, 32",3
geom_bar,ggplot2,31,Data viz: basic plotting,https://ggplot2.tidyverse.org/reference/geom_bar.html,,31,1
geom_boxplot,ggplot2,31,Data viz: basic plotting,https://ggplot2.tidyverse.org/reference/geom_boxplot.html,,"31, 32",2
geom_density,ggplot2,31,Data viz: basic plotting,https://ggplot2.tidyverse.org/reference/geom_density.html,,31,1
geom_density_ridges,ggridges,31,Data viz: basic plotting,https://wilkelab.org/ggridges/reference/geom_density_ridges.html,,31,1
geom_dotplot,ggplot2,31,Data viz: basic plotting,https://ggplot2.tidyverse.org/reference/geom_dotplot.html,,31,1
geom_jitter,ggplot2,31,Data viz: basic plotting,https://ggplot2.tidyverse.org/reference/geom_jitter.html,,"31, 32",2
geom_line,ggplot2,31,Data viz: basic plotting,https://ggplot2.tidyverse.org/reference/geom_path.html,,31,1
ylim,ggplot2,31,Data viz: basic plotting,https://ggplot2.tidyverse.org/reference/lims.html,,31,1
facet_grid,ggplot2,32,Data viz: design choices,https://ggplot2.tidyverse.org/reference/facet_grid.html,,32,1
facet_wrap,ggplot2,32,Data viz: design choices,https://ggplot2.tidyverse.org/reference/facet_wrap.html,,32,1
ggsave,ggplot2,32,Data viz: design choices,https://ggplot2.tidyverse.org/reference/ggsave.html,,32,1
theme_classic,ggplot2,32,Data viz: design choices,https://ggplot2.tidyverse.org/reference/ggtheme.html,,32,1
theme_minimal,ggplot2,32,Data viz: design choices,https://ggplot2.tidyverse.org/reference/ggtheme.html,,32,1
all_continuous,gtsummary,33,Quarto revisited,https://www.danieldsjoberg.com/gtsummary/reference/select_helpers.html,,33,1
comma,scales,33,Quarto revisited,https://scales.r-lib.org/reference/label_number.html,,33,1
percent,scales,33,Quarto revisited,https://scales.r-lib.org/reference/label_percent.html,,33,1
pivot_longer,tidyr,34,Lengthening data,https://tidyr.tidyverse.org/reference/pivot_longer.html,,"34, 35",2
pivot_wider,tidyr,35,Widening data,https://tidyr.tidyverse.org/reference/pivot_wider.html,,35,1
